mean_iki,std_iki,pause_count,mean_pause,long_pause_count,total_events,insert_count,insert_suggestion_count,insert_letter_suggestion_count,backspace_count,delete_word_count,delete_sentence_count,switch_view_count,gaze_event_count,text_area_gaze_count,tile_gaze_not_selected_count,error_rate,wpm,event_rate,session_time,fatigue
5.6366666952768965,2.2438747186170978,3,5.6366666952768965,3,4,4,0,0,0,0,0,0,0,0,0,0.0,2.8385570524165993,0.2365464210347166,0.0,5.0
4.836499989032745,3.024385137662948,3,6.221999963124593,3,5,3,0,0,2,0,0,0,0,0,0,0.6666666666666666,1.8608497922895508,0.2584513600402154,20.0,5.0
0.6059090946659897,0.5516006666730862,3,2.000666697820028,1,34,3,4,5,0,0,0,4,18,0,18,0.0,16.80420094606924,1.700425095733197,0.0,5.0
0.6001515171744607,0.4335867238466703,4,1.5649999976158142,1,34,3,5,6,0,0,0,3,17,1,16,0.0,20.60085829965889,1.716738191638241,20.0,5.0
0.5379354799947431,0.32172649980772966,5,1.1302000045776368,0,32,2,4,5,0,0,0,1,20,0,20,0.0,19.429119832973175,1.9189254156022886,40.0,5.0
0.5050512827359713,0.2723896134296563,2,1.2280000448226929,0,40,5,2,4,0,0,0,6,23,1,22,0.0,11.575366791435464,2.030766103760608,60.0,5.0
0.52045945863466,0.28748138028120857,3,1.256333351135254,0,38,4,2,2,0,0,0,6,24,0,24,0.0,9.970400389690631,1.973308410459604,80.0,5.0
0.6114687547087669,0.5141347777630672,3,1.7016666730244954,1,33,2,3,5,0,0,0,1,22,0,22,0.0,13.492103948842566,1.6865129936053207,100.0,5.0
0.4614473644055818,0.2474898625179324,2,1.162500023841858,0,39,4,2,2,0,0,0,4,27,0,27,0.0,10.949529607685523,2.2241232015611216,120.0,5.0
0.6161250025033951,0.3393932839155803,4,1.2490000128746033,0,33,3,0,4,0,0,0,3,23,0,23,0.0,4.260499069724954,1.6737674916776606,0.0,6.0
0.5209210483651412,0.4224914263554222,4,1.568250060081482,1,39,2,2,3,0,0,0,3,29,0,29,0.0,9.093205429362596,1.9701945096952294,20.0,6.0
0.4516279032064039,0.23067517652393665,1,1.180999994277954,0,44,3,2,4,0,0,0,7,28,0,28,0.0,10.504634485224512,2.265705477205287,40.0,6.0
0.6742413783895558,0.4483216877673675,8,1.2723749876022339,1,30,4,4,5,0,0,0,2,15,0,15,0.0,17.797780416061578,1.534291415177722,60.0,6.0
0.763439998626709,0.6568738600499954,5,1.8384000301361083,2,26,3,2,4,0,0,0,4,13,0,13,0.0,10.688462766790277,1.3622550585124864,80.0,6.0
0.6451333284378051,0.4680078026357201,5,1.4804000377655029,1,31,2,5,6,0,0,0,1,17,0,17,0.0,20.460886793686342,1.6017360873845368,100.0,6.0
0.5395135170704609,0.31791197488945644,3,1.3079999287923176,0,38,1,4,8,0,0,0,1,24,0,24,0.0,17.433122818639315,1.903616859506592,120.0,6.0
0.335875004529953,0.11876318509984357,0,0.0,0,9,2,1,0,0,0,0,1,5,0,5,0.0,31.26162964908459,3.3494603195447774,140.0,6.0
0.5896060611262466,0.369726516301184,5,1.3444000720977782,0,34,2,3,4,0,0,0,5,20,0,20,0.0,12.951636931575806,1.7474430780697514,0.0,4.0
0.7821199989318848,1.0872559157145674,3,3.2390000025431314,2,26,4,1,8,0,0,0,0,13,0,13,0.0,10.43318162320851,1.3297192264873592,20.0,4.0
0.6599999979922646,0.5598453191242885,3,1.6153333981831868,1,20,2,4,2,0,0,0,2,10,0,10,0.0,22.966507246898143,1.594896336590149,40.0,4.0
0.46920000314712523,0.24887182079087727,2,1.1589999198913574,0,41,3,5,4,0,0,0,3,26,0,26,0.0,20.460357919029605,2.1845694653130567,60.0,4.0
0.660533332824707,0.385781753470483,6,1.1961666345596313,0,31,1,3,10,0,0,0,2,15,0,15,0.0,15.744852656451725,1.5643924113782164,80.0,4.0
0.5504444440205892,0.33559360260923676,2,1.4565000534057617,0,37,4,2,3,1,0,0,5,22,0,22,0.14285714285714285,10.294711352295359,1.8671780393869033,100.0,4.0
0.47951219721538263,0.3013189519621669,3,1.3163333733876545,0,42,2,2,2,0,0,0,5,31,0,31,0.0,8.545269545602931,2.1363173864007328,120.0,4.0
0.6010000043445163,0.32513472628503803,2,1.2330000400543213,0,19,2,3,4,0,0,0,1,9,0,9,0.0,23.29450898302267,1.7563320264977411,140.0,4.0
0.8217619033086867,0.5518801393989007,7,1.5132857050214494,0,22,3,0,5,0,0,0,2,12,0,12,0.0,5.562959968115435,1.2748449926931205,0.0,10.0
0.8894090977582064,0.6496306263588802,7,1.651571444102696,1,23,2,1,3,0,0,0,5,12,0,12,0.0,6.132774522201166,1.1754484500885567,20.0,10.0
0.7699200057983399,0.8752709778808161,6,1.875666658083598,1,26,4,1,2,0,0,0,2,17,2,15,0.0,6.8578553099488575,1.3507896822626537,40.0,10.0
0.886454538865523,0.5307507627554531,8,1.4650000035762787,1,23,4,0,3,0,0,0,2,14,1,13,0.0,4.307250570422139,1.1793662276155858,60.0,10.0
0.9524500012397766,0.7832045181144502,7,1.9010000228881836,2,21,2,0,3,0,0,0,2,14,1,13,0.0,3.1497716374560203,1.1024200731096072,80.0,10.0
0.702304342518682,0.5851701916303751,5,1.6638000011444092,1,24,2,0,4,0,0,0,1,17,0,17,0.0,4.457376372445571,1.4857921241485241,100.0,10.0
1.6503333449363708,1.6573021999416697,7,2.5018571444920132,4,13,1,1,4,0,0,0,0,7,0,7,0.0,6.059381900439971,0.6564330392143302,120.0,10.0
1.397571427481515,1.0499087965034088,7,2.293714318956648,6,15,1,0,6,0,0,0,0,8,1,7,0.0,4.293161610217133,0.7666360018244882,140.0,10.0
0.7915789453606856,0.5509234052617759,4,1.727999985218048,1,20,1,3,5,0,0,0,0,11,0,11,0.0,16.755319191433824,1.3297872374153827,160.0,10.0
0.9161904766446068,0.656563367426118,7,1.6844285556248255,2,22,2,0,7,0,0,0,1,12,0,12,0.0,5.613305610523251,1.143451142884366,180.0,10.0
1.2194999967302596,1.7641436329104376,3,3.8953333695729575,2,15,2,0,1,0,0,0,2,10,0,10,0.0,2.1085925201501614,0.8785802167292339,200.0,10.0
0.8673913064210311,0.5825891914407878,6,1.6986666917800903,1,24,2,0,5,0,0,0,1,16,0,16,0.0,4.2105263057256375,1.2030075159216107,220.0,10.0
0.7360000610351562,0.0,0,0.0,0,2,1,1,0,0,0,0,0,0,0,0,0.0,97.82607884398097,2.7173910789994715,240.0,10.0
0.547857141494751,0.31367154588586,4,1.1782500743865967,0,36,2,3,7,0,0,0,3,21,1,20,0.0,15.019556751822075,1.8774445939777593,20.0,4.0
0.5780588178073659,0.4458177967589604,2,2.1234999895095825,1,35,2,2,6,1,0,0,1,23,0,23,0.125,10.990129344567254,1.7808079956474718,40.0,4.0
0.7137037029972783,0.6036646479773833,5,1.7992000102996826,2,28,2,4,5,0,0,0,2,15,0,15,0.0,16.813700068536374,1.453035808392032,60.0,4.0
0.5690285750797817,0.35424503827318415,5,1.233400011062622,0,36,2,4,4,0,0,0,3,23,0,23,0.0,15.66579624412688,1.8075918743223323,80.0,4.0
0.677310351667733,0.4642090796060838,5,1.5363999843597411,0,30,3,4,4,0,0,0,4,15,0,15,0.0,16.495265081352663,1.5273393593845057,100.0,4.0
0.8402608684871508,0.8475451708719974,5,2.091000032424927,2,24,3,5,3,0,0,0,2,11,0,11,0.0,19.248680558691984,1.2418503586252894,120.0,4.0
0.5184117625741398,0.21189499539761025,0,0.0,0,18,3,3,2,0,0,0,1,9,0,9,0.0,27.23249755893515,2.0424373169201364,140.0,4.0
0.5123684218055323,0.25582962473963905,3,1.1256667772928874,0,39,3,1,6,2,0,0,4,23,0,23,0.2222222222222222,8.628659463437703,2.003081661155181,0.0,5.0
0.6462666670481364,0.4693258659178984,6,1.3696666955947876,1,31,4,2,6,0,0,0,4,15,0,15,0.0,12.378790997438415,1.598927170502462,20.0,5.0
0.6045757568243778,0.48372441095211904,5,1.5331999778747558,1,34,4,3,4,0,0,0,2,21,0,21,0.0,13.833893055136018,1.7041752314297995,40.0,5.0
0.5055675635466704,0.32200574044201574,4,1.1762499809265137,0,38,1,6,7,0,0,0,0,24,0,24,0.0,24.377205368687836,2.0314337807239866,60.0,5.0
0.5343783739450816,0.30615332320443805,3,1.2636666297912598,0,38,2,3,5,1,0,0,5,22,0,22,0.14285714285714285,13.352215364666721,1.9219097873383912,80.0,5.0
0.4670238097508748,0.21390075522287189,1,1.0390000343322754,0,43,3,3,2,0,0,0,6,29,0,29,0.0,12.235534024130148,2.1921998459899847,100.0,5.0
0.6313076936281644,0.4711592862591775,3,1.6413332621256511,1,27,2,5,6,0,0,0,0,14,0,14,0.0,24.125746263659572,1.6449372452495163,120.0,5.0
0.5511666668785943,0.36695768040759075,4,1.3917500376701355,0,37,2,2,5,0,0,0,4,24,1,23,0.0,10.281221647090037,1.864731377168291,0.0,4.0
0.5360000004639497,0.4995319094940568,4,1.715000033378601,2,38,4,3,5,0,0,0,3,23,0,23,0.0,14.521984658668494,1.91609519801876,20.0,4.0
0.5665428570338658,0.44641996514732485,5,1.4222000122070313,1,36,2,4,5,0,0,0,2,23,0,23,0.0,16.339704476389684,1.8155227195988537,40.0,4.0
0.4963076909383138,0.3400413433680968,4,1.328249990940094,0,40,3,4,3,0,0,0,3,27,0,27,0.0,16.11903290250306,2.0665426798080846,60.0,4.0
0.5531944433848063,0.49417982265137955,4,1.6422499418258667,1,37,4,7,1,1,0,0,3,21,0,21,0.2,24.102435396406477,1.8578960618063325,80.0,4.0
0.5808235336752499,0.45930439480937113,3,1.8096667130788167,0,35,3,4,3,0,0,0,4,21,0,21,0.0,15.79906814410527,1.7723313623195012,100.0,4.0
0.4913076895933885,0.3258433863983568,3,1.2540000279744465,0,27,3,4,1,0,0,0,1,18,0,18,0.0,22.54579627298416,2.1136684005922652,120.0,4.0
1.5,0.8847134227647365,9,1.9536666605207655,5,14,0,6,2,0,0,0,0,6,0,6,0.0,19.692307692307693,0.717948717948718,0.0,5.0
0.9090000065890226,0.7152269967354924,7,1.7822857584272112,2,23,3,2,2,1,0,0,1,14,0,14,0.2,9.00090002476463,1.1501150031643694,20.0,5.0
0.6788620619938291,0.45140233167057375,7,1.3399999822889055,0,30,2,3,3,0,0,0,3,19,0,19,0.0,12.19078592292987,1.523848240366234,40.0,5.0
0.8587391376495361,0.6021294851289781,8,1.6011250019073486,1,24,3,4,3,0,0,0,2,12,0,12,0.0,15.796668390396,1.2151283377227693,60.0,5.0
0.5720909075303511,0.3442373199145921,3,1.4833333492279053,0,34,3,2,4,0,0,0,4,21,0,21,0.0,10.805657108770284,1.800942851461714,80.0,5.0
0.7686153925382174,0.7045212266390617,5,1.9539999961853027,2,27,3,2,3,0,0,0,4,15,0,15,0.0,9.60768604988379,1.351080850764908,100.0,5.0
0.7702000045776367,0.6750877137534361,6,1.821833332379659,1,26,1,2,5,0,0,0,2,16,0,16,0.0,9.971435931387159,1.3502986157086776,120.0,5.0
0.7075357181685311,0.46672461873517,7,1.4008571079799108,0,29,2,3,3,0,0,0,2,19,0,19,0.0,12.11448178703383,1.4638332159332546,140.0,5.0
0.9674000024795533,0.8105826574541485,6,2.024999976158142,2,21,2,3,3,0,0,0,2,11,0,11,0.0,12.404382850157816,1.085383499388809,160.0,5.0
0.5968095234462193,0.480166597902598,3,1.6490000089009602,0,22,3,2,2,1,0,0,2,12,0,12,0.2,14.36208410672417,1.7553658352662873,180.0,5.0
0.8976363593881781,0.7540946448180883,5,2.0962000370025633,2,23,2,2,3,0,0,0,1,15,0,15,0.0,9.114847116258577,1.164674909299707,0.0,4.0
0.8635217417841372,1.0680172593727528,5,2.4104000091552735,2,24,3,2,2,1,0,0,4,12,0,12,0.2,9.062987737114904,1.208398364948654,20.0,4.0
0.7626923139278705,0.5435207141354235,7,1.5132857050214494,1,27,2,2,8,0,0,0,1,14,0,14,0.0,12.102874333727984,1.3615733625443982,40.0,4.0
0.6637000004450481,0.5585477561597934,5,1.5875999927520752,1,31,3,3,4,0,0,0,2,19,0,19,0.0,13.259002552507319,1.5569283300292684,60.0,4.0
0.5857878742796002,0.3173515996121715,4,1.1934999227523804,0,34,3,5,3,0,0,0,5,18,1,17,0.0,19.2437019741838,1.7588329761350783,80.0,4.0
0.6379032288828204,0.5700528965182529,5,1.635599946975708,1,32,3,1,4,0,0,0,3,21,0,21,0.0,7.2819215830868185,1.6182047962415154,100.0,4.0
0.5817647050408756,0.3670143226260046,4,1.3647499680519104,0,35,3,3,4,0,0,0,4,21,1,20,0.0,13.346814983915849,1.769464107716116,120.0,4.0
0.7613461567805364,0.7167554338684545,6,1.6070000330607097,1,27,4,4,2,0,0,0,4,13,0,13,0.0,15.761555887723603,1.363980797976081,140.0,4.0
1.05018749833107,1.441041601341576,4,2.5352500081062317,1,17,2,5,2,0,0,0,1,7,0,7,0.0,20.710587428020734,1.0117240984952656,160.0,4.0
0.6815172392746498,0.36791930222576263,4,1.3327500224113464,0,30,4,2,7,0,0,0,3,14,0,14,0.0,12.75045541278213,1.5179113586645394,0.0,4.0
0.5475277768241035,0.355443265576252,5,1.2333999633789063,0,37,3,2,7,0,0,0,3,22,0,22,0.0,12.175942388413972,1.8771244515471541,20.0,4.0
0.568941172431497,0.25880680081351687,3,1.0299998919169109,0,35,3,7,2,0,0,0,5,18,0,18,0.0,24.813895957799318,1.8093465802562003,40.0,4.0
0.5280270254289782,0.38941091252842425,4,1.4642500281333923,0,38,4,3,4,0,0,0,5,22,0,22,0.0,14.127041041884675,1.9450273898247021,60.0,4.0
0.43373912832011347,0.18633621245376752,0,0.0,0,47,4,1,3,0,0,0,5,34,0,34,0.0,7.217321606959873,2.355653580049403,80.0,4.0
0.6031818173148416,0.32317570864723333,3,1.286666711171468,0,34,4,2,7,0,0,0,6,15,0,15,0.0,12.660135662507379,1.7081135417668687,100.0,4.0
0.6287500006811959,0.28787568091687193,4,1.1227499842643738,0,29,3,5,5,0,0,0,3,13,0,13,0.0,22.49360974558185,1.6472592995501858,120.0,4.0
0.6209374964237213,0.3673786869108903,5,1.2860000133514404,0,33,3,1,6,0,0,0,6,17,0,17,0.0,8.454957270638804,1.660795178161194,0.0,2.0
0.6036969676162257,0.5408492500759744,3,1.9336666266123455,1,34,3,2,6,0,0,0,3,20,0,20,0.0,11.44463411233012,1.706655964119404,20.0,2.0
0.6029062494635582,0.3423426171676571,4,1.316499948501587,0,33,3,4,3,0,0,0,5,18,0,18,0.0,16.171668495185045,1.710464936990726,40.0,2.0
0.6890357136726379,0.7961843888209192,4,2.174749970436096,2,29,4,1,1,0,0,0,5,18,0,18,0.0,6.219872498148095,1.5031358537191228,60.0,2.0
0.55408333407508,0.2863080299118132,2,1.215000033378601,0,37,4,6,3,0,0,0,6,18,0,18,0.0,22.25898628393347,1.8549155236611226,80.0,2.0
0.5855294115403119,0.39451644345760606,3,1.4696667194366455,1,35,4,6,2,0,0,0,5,18,0,18,0.0,21.699819176489676,1.7580872017989322,100.0,2.0
0.5564857142312186,0.34493018587305097,4,1.3119999766349792,0,36,4,3,5,0,0,0,4,20,0,20,0.0,14.78667146009156,1.8483339325114452,120.0,2.0
0.6695833206176758,0.4105219673757519,2,1.3910000324249268,0,13,2,3,1,0,0,0,2,5,0,5,0.0,26.88239005624483,1.6179216237554757,140.0,2.0
0.5486111111111112,0.32844874254651946,5,1.1920000076293946,0,37,3,4,4,0,0,0,4,22,0,22,0.0,16.405063291139243,1.8734177215189873,0.0,4.0
0.5511714322226388,0.32619820993504034,4,1.2692500352859497,0,36,2,3,5,0,0,0,6,20,0,20,0.0,13.685138056666009,1.8661551895453645,20.0,4.0
0.6045757568243778,0.3237144824696132,4,1.2300000190734863,0,34,4,4,2,4,0,0,4,16,0,16,0.6666666666666666,15.63831388841463,1.7041752314297995,40.0,4.0
0.4342222213745117,0.2762570233112187,3,1.0989999771118164,0,46,2,2,7,0,0,0,2,33,0,33,0.0,11.668372591868632,2.3541453474822682,60.0,4.0
0.7673076941416814,0.5101653108125922,6,1.5253333648045857,1,27,2,3,4,0,0,0,5,13,0,13,0.0,12.631578917176913,1.3533834554118118,80.0,4.0
0.5630882347331327,0.4087526889051084,4,1.561750054359436,0,35,4,3,2,0,0,0,5,21,0,21,0.0,13.162705680389589,1.8281535667207762,100.0,4.0
0.5218529420740464,0.24339396098352725,1,1.0439999103546143,0,35,4,4,4,0,0,0,4,19,0,19,0.0,18.93704556287478,1.9726089127994564,120.0,4.0
0.4915750026702881,0.32724374014476154,3,1.3226666450500488,0,41,6,4,4,0,0,0,7,20,1,19,0.0,18.30849809512493,2.0851345052781167,20.0,3.0
0.6231250017881393,0.43056453796352034,5,1.4455999374389648,1,33,3,2,3,0,0,0,6,19,1,18,0.0,9.62888663234858,1.6549648899349123,40.0,3.0
0.6194838708446871,0.5940799284089818,4,1.667500078678131,1,32,3,6,3,0,0,0,3,17,0,17,0.0,22.49531348082758,1.6663195170983391,60.0,3.0
0.494049996137619,0.5009422460169441,3,1.91866668065389,1,41,3,2,3,0,0,0,3,30,1,29,0.0,9.715615904312134,2.074688812899987,80.0,3.0
0.5645428589412145,0.4276060215504208,7,1.2751429080963135,1,36,4,6,1,0,0,0,4,21,0,21,0.0,21.256136376440384,1.8219545465520328,100.0,3.0
0.627225806636195,0.6043288608446632,5,1.614799976348877,1,32,3,3,6,0,0,0,3,17,0,17,0.0,14.811767121746882,1.6457519024163203,120.0,3.0
0.7553999900817872,0.6232952276010941,2,1.8734999895095825,0,11,2,1,3,0,0,0,1,4,0,4,0.0,15.885623719297058,1.456182174268897,140.0,3.0
0.49664999842643737,0.3078646598988925,3,1.271666685740153,0,41,3,2,7,1,0,0,5,23,0,23,0.1,12.080942351777145,2.063827651761929,0.0,3.0
0.5623714310782296,0.38182851427112974,4,1.3335000276565552,0,36,3,2,6,0,0,0,2,23,0,23,0.0,11.583600009331791,1.8289894751576514,20.0,3.0
0.6158965456074682,0.34799839354196926,3,1.3543333212534587,0,30,4,5,4,0,0,0,2,15,0,15,0.0,22.17121123860956,1.6796372150461787,40.0,3.0
0.5644857134137835,0.31063069446690916,4,1.2929999828338623,0,36,2,4,3,0,0,0,3,24,1,23,0.0,15.184491596061848,1.8221389915274215,60.0,3.0
0.6314516067504883,0.44745098456420507,5,1.4443999767303466,1,32,4,3,2,1,0,0,5,17,0,17,0.16666666666666666,12.873563343828216,1.6347382023908847,80.0,3.0
0.6010303063826128,0.3582557268356403,5,1.2400000095367432,0,34,2,6,4,0,0,0,1,21,0,21,0.0,21.780780356482534,1.7142280836120514,100.0,3.0
0.5788235313752118,0.2987507667327698,4,1.12624990940094,0,35,1,4,8,0,0,0,0,22,0,22,0.0,17.68292676928543,1.7784552785200864,120.0,3.0
0.576200008392334,0.2805614029079354,0,0.0,0,6,1,1,2,0,0,0,0,2,0,2,0.0,33.32176279130968,2.082610174456855,140.0,3.0
0.5116666708237085,0.34962237415750647,4,1.3692499995231628,0,40,4,4,5,0,0,0,3,24,0,24,0.0,17.439238144458525,2.004510131546957,0.0,3.0
0.5249189170631202,0.3157176470696355,4,1.2147499918937683,0,38,4,5,1,0,0,0,8,20,0,20,0.0,18.535681251814655,1.9565441321359913,20.0,3.0
0.4407333321041531,0.28110540545476903,2,1.3615000247955322,0,46,6,1,2,0,0,0,6,31,0,31,0.0,7.865678436700204,2.3193667185141624,40.0,3.0
0.5374054071065542,0.32235102070852584,3,1.3549999396006267,0,38,4,4,5,0,0,0,3,22,0,22,0.0,17.50150869535361,1.911084282825969,60.0,3.0
0.5899090911402847,0.30889171030631507,6,1.096833348274231,0,34,2,4,7,0,0,0,4,17,0,17,0.0,17.87640621891477,1.746545435181328,80.0,3.0
0.4629268297334997,0.3183421497243745,3,1.3450000286102295,0,42,5,5,3,0,0,0,4,25,0,25,0.0,20.86406741844307,2.212855635289417,100.0,3.0
0.5550909042358398,0.3148131463148031,2,1.1115000247955322,0,12,1,4,2,0,0,0,0,5,0,5,0.0,45.201441600723456,1.965280069596672,120.0,3.0
1.2759999752044677,1.0619304873369846,1,3.172999858856201,1,6,0,0,0,0,0,0,6,0,0,0,0.0,0.0,0.940438889748184,0.0,3.0
0.49077500104904176,0.3814792846786133,3,1.5539999802907307,0,41,3,4,4,0,0,0,4,26,0,26,0.0,16.5045081405656,2.0885334375407085,20.0,3.0
0.5383783804403769,0.44683487939362593,2,1.9915000200271606,1,38,5,1,7,0,0,0,2,23,0,23,0.0,10.240963816198617,1.9076305147820956,40.0,3.0
0.5665714263916015,0.41832645996218293,5,1.3836000442504883,1,36,3,4,7,0,0,0,2,20,0,20,0.0,18.154311718863546,1.8154311718863543,60.0,3.0
0.5374054071065542,0.3114892027328541,4,1.1519999504089355,0,38,1,3,11,0,0,0,1,22,0,22,0.0,16.29450809567405,1.911084282825969,80.0,3.0
0.5822424310626406,0.433795462137603,3,1.728666623433431,1,34,4,3,7,0,0,0,3,17,1,16,0.0,16.23815948502779,1.7695430208043101,100.0,3.0
0.4968999981880188,0.3216355395787962,5,1.2009999752044678,0,41,6,3,4,0,0,0,6,22,0,22,0.0,15.093580252262594,2.062789301142555,120.0,3.0
0.6375454555858265,0.3338069546448258,1,1.4140000343322754,0,12,1,4,3,0,0,0,0,4,0,4,0.0,41.06659055041069,1.7111079396004454,140.0,3.0
0.5382702737241178,0.25634204162433877,3,1.0986665884653728,0,38,3,3,5,0,0,0,5,22,0,22,0.0,13.858204369804547,1.9080136451180174,0.0,4.0
0.522842106066252,0.3760616272682285,4,1.371749997138977,0,39,4,4,5,0,0,0,3,23,0,23,0.0,17.515602952761537,1.962955503326724,20.0,4.0
0.5540555516878763,0.3611693831846539,4,1.322249948978424,0,37,4,4,5,0,0,0,5,19,0,19,0.0,17.447107311203915,1.8550085359613357,40.0,4.0
0.4894864881360853,0.24917916889045388,2,1.1085000038146973,0,38,4,3,7,0,0,0,2,22,0,22,0.0,17.227099494701633,2.0981723743546863,60.0,4.0
0.4419090910391374,0.22064709798195956,1,1.0219998359680176,0,45,6,0,7,1,0,0,7,24,0,24,0.07692307692307693,8.023040524279562,2.3143386127729504,80.0,4.0
0.5714117639205035,0.44747127923326674,3,1.6683332920074463,1,35,4,5,5,0,0,0,3,18,0,18,0.0,21.00061769408982,1.8015235766988815,100.0,4.0
0.47252941131591797,0.20469556604354142,1,1.0120000839233398,0,18,3,2,1,0,0,0,4,8,1,7,0.0,20.91373088006462,2.2407568800069235,120.0,4.0
0.4918205126737937,0.28418421740565913,1,1.5099999904632568,0,40,6,4,8,0,0,0,2,20,0,20,0.0,21.27104948238955,2.0853970080774067,0.0,4.0
0.5223947324250874,0.37963092818742955,3,1.566666603088379,0,39,4,3,6,0,0,0,4,22,0,22,0.0,15.11258891424099,1.9646365588513286,20.0,4.0
0.47892682726790264,0.300697574238205,2,1.4304999113082886,0,42,2,5,5,0,0,0,4,26,0,26,0.0,19.555917783861172,2.138928507609816,40.0,4.0
0.6443870990507065,0.539875589934889,4,1.8517500162124634,1,32,4,2,5,0,0,0,6,15,0,15,0.0,11.413696395400168,1.6019223011087955,60.0,4.0
0.5414444406827291,0.44178595497012474,3,1.6636666456858318,1,37,4,5,3,0,0,0,4,21,0,21,0.0,19.70039004041973,1.8982146653529426,80.0,4.0
0.44868182052265515,0.24175778606758513,1,1.0269999504089355,0,45,3,4,5,0,0,0,4,29,0,29,0.0,17.019552134892116,2.279404303780194,100.0,4.0
0.5175000088555473,0.28701316983151975,1,1.2079999446868896,0,15,1,1,3,0,0,0,0,10,0,10,0.0,14.906832043048423,2.070393339312281,120.0,4.0
0.5254736825039512,0.29069484835533455,1,1.5789999961853027,0,39,4,3,9,0,0,0,2,21,0,21,0.0,16.82692313157169,1.9531250063431425,0.0,5.0
0.5283513520215009,0.3688500324036733,5,1.3114000320434571,0,38,4,2,7,1,0,0,3,21,0,21,0.09090909090909091,12.890684929171243,1.9438334417004253,20.0,5.0
0.504794872724093,0.3232446464414786,4,1.268999993801117,0,40,3,2,7,0,0,0,2,26,0,26,0.0,12.190785775293874,2.031797629215646,40.0,5.0
0.5873636404673258,0.4777725044661389,3,1.8173333803812664,1,34,2,3,7,0,0,0,3,19,1,18,0.0,14.858380951754217,1.7541144179154284,60.0,5.0
0.5027435926290659,0.2673247330882286,1,1.4159998893737793,0,40,4,2,7,0,0,0,4,23,0,23,0.0,12.852552585997675,2.040087712063123,80.0,5.0
0.4589302373486896,0.26570600020054846,4,1.0542500019073486,0,44,3,3,4,2,0,0,4,28,0,28,0.2857142857142857,13.377926281759,2.2296543802931668,100.0,5.0
0.5254999910082135,0.3146491757245413,2,1.1495000123977661,0,15,2,3,0,0,0,0,2,8,0,8,0.0,27.728694235507266,2.03887457614024,120.0,5.0
0.751307698396536,0.7879311244821117,3,2.2783333460489907,1,27,4,3,7,0,0,0,2,11,0,11,0.0,15.972150991678602,1.382205374279879,0.0,5.0
0.4881578934820075,0.29555798701307096,2,1.1795001029968262,0,39,4,4,8,0,0,0,3,20,0,20,0.0,20.700808678549407,2.102425881415174,20.0,5.0
0.4909250020980835,0.35373831786801585,3,1.4533333778381348,1,41,4,3,4,0,0,0,7,23,0,23,0.0,14.05510000613378,2.0878952907662502,40.0,5.0
0.5118205119401981,0.30165925672503535,3,1.2363333702087402,0,40,5,4,6,0,0,0,3,22,0,22,0.0,18.63634089674004,2.003907623305381,60.0,5.0
0.5515555540720621,0.40285517647882657,5,1.3327999591827393,1,37,4,4,3,0,0,0,6,20,0,20,0.0,16.31748594235736,1.8634166045284641,80.0,5.0
0.6674285701342991,0.5354304561851754,7,1.4521428176334925,1,29,3,4,4,0,0,0,2,16,0,16,0.0,17.337328800743702,1.551797948214714,100.0,5.0
0.5588000025068011,0.39395162301371783,6,1.2785000403722127,0,36,2,4,5,0,0,0,3,22,0,22,0.0,16.566110979983737,1.8406789977759708,120.0,5.0
0.6036363659483014,0.4466193124476141,7,1.353428602218628,0,34,2,3,5,0,0,0,3,21,0,21,0.0,13.253011997433505,1.7068273026997696,0.0,5.0
0.620531253516674,0.7535658807132654,4,1.9070000052452087,1,33,3,2,6,0,0,0,3,19,0,19,0.0,11.482096928432222,1.6618824501678218,20.0,5.0
0.7885600090026855,0.46089212189752576,6,1.4373332659403484,0,26,2,4,11,0,0,0,0,9,0,9,0.0,20.087247411941803,1.3188596785618356,40.0,5.0
0.6175312548875809,0.4474010803416874,6,1.337833285331726,1,33,4,2,6,1,0,0,4,16,0,16,0.1,12.145134259423589,1.6699559606707437,60.0,5.0
0.5293783754915804,0.39263801492972644,4,1.4452499151229858,0,38,4,5,4,0,0,0,4,21,0,21,0.0,20.217491303388012,1.940062296789759,80.0,5.0
0.5513888862397935,0.30170339271809593,3,1.209666649500529,0,37,1,4,9,0,0,0,1,22,0,22,0.0,18.13602023826628,1.863979857821812,100.0,5.0
0.6101562455296516,0.6081779615606965,4,1.749000072479248,1,33,3,4,8,0,0,0,3,15,0,15,0.0,19.052496938564996,1.6901408574533465,120.0,5.0
0.7484000047047933,0.6091973148304731,5,1.473799991607666,1,16,1,4,3,0,0,0,0,8,0,8,0.0,25.654729929582842,1.4252627738657133,140.0,5.0
0.5146578926789133,0.37443753890848763,3,1.5523333549499512,1,39,4,3,4,0,0,0,6,22,1,21,0.0,14.112594012559345,1.9941708930790378,0.0,3.0
0.491525000333786,0.25914612349455407,1,1.4860000610351562,0,41,3,5,6,3,0,0,3,21,0,21,0.3333333333333333,20.751742013271674,2.0853466238826925,20.0,3.0
0.46044186104175655,0.23036844965071535,1,1.184000015258789,0,44,5,3,2,0,0,0,5,29,0,29,0.0,13.334006751319572,2.222334458553262,40.0,3.0
0.5595142909458706,0.3425991496102525,3,1.3656665484110515,0,36,4,4,4,0,0,0,5,19,0,19,0.0,17.15773869470072,1.8383291458607915,60.0,3.0
0.559085716520037,0.2850610456320204,3,1.2110000451405842,0,36,2,4,6,1,0,0,3,20,0,20,0.125,17.170891182400553,1.8397383409714883,80.0,3.0
0.5359166661898295,0.2829743164428498,3,1.1203332742055256,0,37,3,5,7,0,0,0,2,20,1,19,0.0,21.769553743518333,1.9177940202623291,100.0,3.0
0.5098124891519547,0.32876461846516897,2,1.1815000772476196,0,17,2,2,2,0,0,0,2,9,0,9,0.0,20.595807720336897,2.084099590748377,120.0,3.0
0.521078950480411,0.37299751952050425,7,1.2260000024523054,0,39,2,3,6,0,0,0,3,25,0,25,0.0,13.938689881908571,1.969597483313168,0.0,4.0
0.6260333299636841,0.3878880543540252,3,1.5256667137145996,0,31,3,5,5,0,0,0,2,16,1,15,0.0,21.08513934995398,1.650604343051953,20.0,4.0
0.5364864903527338,0.40232640378130785,2,1.9550000429153442,1,38,4,1,5,0,0,0,5,23,0,23,0.0,8.463476009536022,1.9143576688236241,40.0,4.0
0.4400888866848416,0.25591563631110226,1,1.6400001049041748,0,46,5,1,7,0,0,0,4,29,0,29,0.0,10.300949354760153,2.3227630897988583,60.0,4.0
0.486731709503546,0.4059841642988976,2,1.9194999933242798,1,42,6,2,3,1,0,0,5,25,0,25,0.1111111111111111,11.425135246331397,2.1046301769557836,80.0,4.0
0.6436129000879103,0.8406611203623681,2,3.6890000104904175,2,32,2,2,3,0,0,0,3,22,0,22,0.0,9.02165200869984,1.6038492459910827,100.0,4.0
0.5238571394057501,0.28767173802945933,2,1.1399999856948853,0,22,3,3,3,0,0,0,3,10,0,10,0.0,22.907008604698007,1.9998182115212544,120.0,4.0
0.5241052602466784,0.2991464484579254,4,1.121000051498413,0,39,2,3,7,0,0,0,1,26,1,25,0.0,14.460735167691126,1.9582245539581735,0.0,5.0
0.5908709649116762,0.420591126055121,2,1.840499997138977,1,32,3,4,6,0,0,0,3,16,0,16,0.0,18.998744426866438,1.747010981780822,20.0,5.0
0.6273333390553792,1.0473123537336007,1,6.117000102996826,1,31,3,3,1,0,0,0,5,19,0,19,0.0,12.114771409158429,1.6471838319469796,40.0,5.0
0.6218437477946281,0.27625734738502467,2,1.2064999341964722,0,33,2,3,8,0,0,0,4,16,0,16,0.0,15.076134532587137,1.6583747985845851,60.0,5.0
0.5269189203107679,0.36996386572627976,3,1.4036667346954346,1,38,4,3,6,0,0,0,4,21,0,21,0.0,15.387771809989442,1.9491177625986627,80.0,5.0
0.7140357153756278,0.757094727883402,6,1.8198333581288655,1,29,3,3,8,0,0,0,1,14,0,14,0.0,15.605461887848703,1.4505076754731165,100.0,5.0
0.6229687556624413,0.3709033303212392,5,1.257399892807007,0,33,3,4,5,1,0,0,5,15,0,15,0.125,16.854777875392323,1.655379969904603,120.0,5.0
0.48885713304792133,0.3059640009949069,1,1.376999855041504,0,15,2,1,1,0,0,0,1,10,0,10,0.0,14.026885144111564,2.1917008037674317,140.0,5.0
0.5552285739353725,0.5087625263598424,3,2.0426666736602783,2,36,3,2,5,0,0,0,2,24,0,24,0.0,11.115113416599689,1.852518902766615,0.0,5.0
0.5231578977484452,0.45153818260445827,5,1.4934000015258788,1,39,2,3,4,0,0,0,4,26,0,26,0.0,12.676056265057369,1.9617706124493546,20.0,5.0
0.5040256426884577,0.40501824463561775,3,1.7140000661214192,1,40,6,3,2,0,0,0,4,25,0,25,0.0,14.040799668792603,2.0348985027235655,40.0,5.0
0.5122564083490616,0.36306853670935485,4,1.375499963760376,1,40,6,3,4,0,0,0,4,23,1,22,0.0,15.016518225899873,2.0022024301199832,60.0,5.0
0.5335277716318766,0.32184276319370714,4,1.2630000114440918,0,37,0,5,8,3,0,0,0,21,0,21,0.375,20.61748344674694,1.9263810291152448,80.0,5.0
0.621161291676183,0.43745618858540963,4,1.5974999070167542,1,32,2,3,10,0,0,0,2,15,1,14,0.0,16.825924350537814,1.6618196889420063,100.0,5.0
0.6614800071716309,0.43889967866566204,5,1.382200002670288,0,26,2,3,6,0,0,0,1,14,0,14,0.0,16.689846828787836,1.572231947639434,120.0,5.0
0.5382499959733751,0.38418390270562136,3,1.6019999980926514,0,37,3,3,5,0,0,0,3,23,0,23,0.0,14.243691080391393,1.9094803259944984,0.0,5.0
0.7117499964577811,0.6572449209620799,5,1.9480000495910645,2,29,3,5,3,0,0,0,3,15,0,15,0.0,18.666265334505493,1.455165845969514,20.0,5.0
0.8070833384990692,0.7652172611212746,6,1.7631666262944539,1,25,2,3,5,0,0,0,3,12,0,12,0.0,13.629323609203324,1.2906556448109205,40.0,5.0
0.5999393896623091,0.46440171591452706,3,1.7910000483194988,1,34,2,2,8,0,0,0,2,20,0,20,0.0,12.122436696181774,1.7173451986257513,60.0,5.0
0.6355806473762758,0.545297025213443,5,1.6375999927520752,1,32,3,2,7,0,0,0,4,16,0,16,0.0,12.180886117017963,1.6241181489357284,80.0,5.0
0.5405135154724121,0.36171063613017146,2,1.6959999799728394,0,38,3,2,10,1,0,0,3,19,0,19,0.07692307692307693,13.800689984486041,1.9000949978640205,100.0,5.0
0.6168437525629997,0.42295235727931885,6,1.344499945640564,1,33,3,0,6,0,0,0,5,19,0,19,0.0,5.4714017706701235,1.67181720770476,120.0,5.0
0.4586666652134487,0.26028296200755574,1,1.3889999389648438,0,22,2,2,3,0,0,0,2,13,0,13,0.0,18.687707700405273,2.2840531633828665,140.0,5.0
1.4082142795835222,3.0662076443601842,3,5.1303333441416425,1,15,2,1,2,0,0,0,3,7,0,7,0.0,5.478062412893019,0.760842001790697,0.0,5.0
0.6040303056890314,0.504666253670759,5,1.5058000087738037,1,34,2,4,5,0,0,0,4,19,1,18,0.0,16.25445234404587,1.7057141348690106,20.0,5.0
0.5859999945669463,0.41753541443593706,4,1.4369999766349792,1,34,5,3,6,0,0,0,4,16,0,16,0.0,16.134036761437784,1.7581963137464254,40.0,5.0
0.5309444467226664,0.40917372762402526,3,1.6363333861033122,1,37,3,4,7,0,0,0,2,21,0,21,0.0,18.83436216675113,1.9357538893605328,60.0,5.0
0.645633331934611,0.547160791329802,5,1.7092000007629395,2,31,1,4,5,0,0,0,2,19,1,18,0.0,16.10821419153945,1.600495640826035,80.0,5.0
0.5240810819574304,0.3615160488910472,3,1.521666685740153,0,38,5,2,2,0,0,0,5,24,0,24,0.0,10.520344472119984,1.959672009512546,100.0,5.0
0.5680857113429478,0.4537289517750933,3,1.8493332862854004,1,36,2,4,7,0,0,0,0,23,1,22,0.0,17.50238906617163,1.8105919723625825,120.0,5.0
0.5262083411216736,0.33238647767717505,3,1.2483332951863606,0,25,2,4,4,0,0,0,2,13,0,13,0.0,24.70504358081631,1.9795707997448964,140.0,5.0
0.5342972922969509,0.3446378821407503,3,1.3516666889190674,0,38,3,5,1,0,0,0,5,24,0,24,0.0,17.603318491417852,1.9222014444651678,0.0,4.0
0.7667199993133544,0.588229312662974,5,1.7956000328063966,1,26,3,3,6,0,0,0,3,11,0,11,0.0,15.025041749682906,1.3564273801797067,20.0,4.0
0.7772399997711181,0.5761525364029582,6,1.5931666294733684,1,26,3,4,5,0,0,0,2,12,0,12,0.0,17.291956157631894,1.3380680360072301,40.0,4.0
0.5539999935362074,0.3928016648180521,3,1.603333314259847,1,37,4,3,2,0,0,0,6,22,0,22,0.0,12.635379208795074,1.8551945663707052,60.0,4.0
0.546777778201633,0.41008482239675487,4,1.4232500195503235,1,37,4,3,5,0,0,0,5,20,0,20,0.0,14.631172514567467,1.8796992466631814,80.0,4.0
0.4646976770356644,0.25432117196828286,3,1.1456665992736816,0,44,5,5,1,0,0,0,6,27,0,27,0.0,18.61675497472676,2.2019817712042404,100.0,4.0
0.4594878045524039,0.21926562267461078,1,1.0900001525878906,0,42,5,4,1,0,0,0,5,27,0,27,0.0,16.561388620474464,2.229417698910024,120.0,4.0
0.5043846154824282,0.3460332592014492,3,1.4676665465037029,0,40,6,2,4,0,0,0,7,21,0,21,0.0,12.200701537972549,2.0334502563287584,0.0,4.0
0.637161293337422,0.36148416711822107,4,1.2897499799728394,0,32,4,3,3,1,0,0,6,15,0,15,0.14285714285714285,13.36573505218901,1.6200890972350313,20.0,4.0
1.235437497496605,1.5941357021024876,6,2.5306666692097983,2,17,3,2,0,0,0,0,5,7,0,7,0.0,7.891941129969462,0.8600192257018003,40.0,4.0
0.5054358946971405,0.3508237594422923,3,1.4103333155314128,1,40,4,4,5,0,0,0,5,22,0,22,0.0,17.65422087488201,2.029220790216323,60.0,4.0
0.5211891934678361,0.2951358392851746,3,1.1186665693918865,0,38,3,3,4,0,0,0,6,22,0,22,0.0,13.690105674793625,1.970545513796052,80.0,4.0
0.534243242160694,0.3799708854350321,4,1.446250081062317,0,38,6,2,2,0,0,0,7,21,0,21,0.0,10.927303103034639,1.9223959162746125,100.0,4.0
0.5102307735345303,0.32008620268469584,4,1.1957499980926514,0,40,2,4,6,0,0,0,3,25,0,25,0.0,16.885270474187816,2.0101512469271214,120.0,4.0
0.4925000071525574,0.3308549126202242,0,0.0,0,5,1,1,1,0,0,0,0,2,0,2,0.0,42.639593289376364,2.538071029129546,140.0,4.0
0.6187499985098839,0.5515638274091229,4,1.7795000672340393,1,33,3,3,1,0,0,0,6,20,0,20,0.0,11.51515154288309,1.6666666706804474,0.0,5.0
0.486585367016676,0.4246596121850012,2,1.994499921798706,1,42,4,1,0,0,0,0,7,30,0,30,0.0,5.413533821647248,2.1052631528628187,20.0,5.0
0.523394735235917,0.3271912310027749,3,1.3610000610351562,0,39,5,2,3,0,0,0,8,21,0,21,0.0,10.860274556933911,1.9608829061130673,40.0,5.0
0.5232631595511186,0.36561843785460774,4,1.4085000157356262,1,39,4,3,2,0,0,0,6,24,0,24,0.0,12.673506296635374,1.961375974479284,60.0,5.0
0.5170789455112658,0.2978225090821777,5,1.1068000793457031,0,39,5,2,1,0,0,0,6,25,0,25,0.0,9.7714896783344,1.9848338409116746,80.0,5.0
0.4845609723067865,0.223747642275565,1,1.008000135421753,0,42,5,0,2,0,0,0,7,28,0,28,0.0,4.228117006723663,2.1140585033618318,100.0,5.0
0.5589333375295004,0.33113429108108344,2,1.218999981880188,0,16,2,2,0,0,0,0,2,10,0,10,0.0,17.175572390139127,1.9083969322376808,120.0,5.0
0.4641860473987668,0.2414381705347636,3,1.1426666577657063,0,44,5,2,2,0,0,0,8,27,0,27,0.0,10.220440862230516,2.2044088134222686,0.0,5.0
0.5741764657637652,0.30418678868695664,4,1.1894999742507935,0,35,5,3,2,0,0,0,8,17,0,17,0.0,13.523204703321284,1.792849108394867,20.0,5.0
0.5340270287281758,0.2993508971852474,4,1.1997499465942383,0,38,5,2,3,0,0,0,7,21,0,21,0.0,10.931727279312199,1.9231742435827013,40.0,5.0
0.5513888862397935,0.3779276783751821,4,1.3960000276565552,1,37,4,2,2,0,0,0,9,20,0,20,0.0,9.67254412707535,1.863979857821812,60.0,5.0
0.42197872222738064,0.25285346956941146,1,1.6559998989105225,0,48,6,3,5,0,0,0,7,27,0,27,0.0,15.731356873400408,2.420208749753909,80.0,5.0
0.4379333337148031,0.22697949174097015,1,1.2249999046325684,0,46,5,3,2,0,0,0,8,28,0,28,0.0,13.396255126099257,2.334195968941537,100.0,5.0
0.4789998531341553,0.0,0,0.0,0,2,1,1,0,0,0,0,0,0,0,0,0.0,150.3131984882565,4.175366624673792,120.0,5.0
0.47609756051040275,0.2636317479425247,2,1.255000114440918,0,42,4,3,2,1,0,0,7,25,0,25,0.16666666666666666,12.909836078188299,2.1516393463647163,0.0,5.0
0.5439722273084853,0.38688636280507027,5,1.3306000232696533,0,37,4,4,6,0,0,0,3,20,1,19,0.0,18.383291458607914,1.8893938443569247,20.0,5.0
0.49917500019073485,0.29821389994197006,1,1.5460000038146973,0,41,6,3,3,0,0,0,8,21,0,21,0.0,14.423799263282174,2.053388089564476,40.0,5.0
0.5392222205797831,0.3151326567537029,3,1.2123334407806396,0,37,4,5,6,0,0,0,4,18,0,18,0.0,21.63610144649162,1.9060375083814043,60.0,5.0
0.5085128209529779,0.3404862563964345,4,1.268000066280365,0,40,4,3,3,0,0,0,6,24,0,24,0.0,13.31181927044612,2.0169423137039577,80.0,5.0
0.5873939340764825,0.43063201701052917,5,1.449999952316284,0,34,4,2,5,0,0,0,4,19,0,19,0.0,11.762278274040362,1.7540239531463702,100.0,5.0
0.554166661368476,0.26173026476567846,2,1.0429999828338623,0,19,3,5,0,0,0,0,2,9,0,9,0.0,33.68421084835856,1.904761922972657,120.0,5.0
0.473571431069147,0.3065223657519879,4,1.1985000371932983,0,43,4,1,3,0,0,0,7,28,0,28,0.0,7.23981896634051,2.161890385782236,0.0,5.0
0.44033332930670843,0.3008042162276022,2,1.4749999046325684,0,46,5,1,1,0,0,0,8,31,0,31,0.0,6.661620045777091,2.3214736523162585,20.0,5.0
0.7570769236637995,0.7771824585628496,6,1.8660000165303547,2,27,5,3,1,0,0,0,4,14,0,14,0.0,12.802275950246536,1.3716724232407,40.0,5.0
0.49887500405311586,0.2700217687918325,2,1.2855000495910645,0,41,3,1,0,9,0,0,9,19,0,19,3.0,4.810824315712697,2.054622884835631,60.0,5.0
0.6396451611672679,0.5005456754959681,5,1.5820000171661377,1,32,4,4,3,0,0,0,7,14,0,14,0.0,16.339704476389684,1.6137979729767589,80.0,5.0
0.4970512818067502,0.3279228137837416,4,1.2577500343322754,0,40,4,3,6,0,0,0,3,24,0,24,0.0,15.475883422625202,2.0634511230166934,100.0,5.0
0.5841000080108643,0.4416323879173249,2,1.6630001068115234,0,21,3,2,1,0,0,0,4,11,0,11,0.0,14.381098929626722,1.7976373662033402,120.0,5.0
0.4635581360306851,0.25164963834504644,1,1.318000078201294,0,44,3,4,2,0,0,0,3,32,1,31,0.0,15.050419017097541,2.207394789174306,0.0,3.0
0.5495277775658501,0.423043613467628,4,1.5527499318122864,0,37,3,7,4,0,0,0,2,21,0,21,0.0,25.476419157578206,1.870292676250781,20.0,3.0
0.46826190607888357,0.30178688056748426,2,1.3320001363754272,0,43,3,3,6,0,0,0,2,29,0,29,0.0,14.64381955509253,2.1864036141283987,40.0,3.0
0.4844146356350038,0.32287071817394797,3,1.4199999968210857,0,42,4,3,6,0,0,0,4,25,0,25,0.0,15.104979561858174,2.1146971386601443,60.0,3.0
0.4479999975724654,0.25064520555752323,2,1.1814998388290405,0,45,3,3,6,0,0,0,6,27,0,27,0.0,14.610389689557525,2.2828733889933637,80.0,3.0
0.6031212084221117,0.40176911073883304,4,1.422749936580658,1,34,3,4,8,1,0,0,4,14,0,14,0.09090909090909091,18.690649765441062,1.708285193615581,100.0,3.0
0.44999998807907104,0.30981821872302245,0,0.0,0,5,1,1,1,0,0,0,0,2,0,2,0.0,46.66666790291118,2.7777778513637608,120.0,3.0
0.48336585556588524,0.388970792359955,3,1.684333324432373,1,42,4,4,9,0,0,0,2,23,0,23,0.0,19.981834616883372,2.1192854896694486,0.0,4.0
0.4827804914334925,0.24040171324924559,0,0.0,0,42,3,3,5,4,0,0,3,24,0,24,0.5,13.943619173767972,2.121855091660344,20.0,4.0
0.46493022940879647,0.2795240874466791,3,1.2396666208902996,0,44,4,4,6,0,0,0,3,27,0,27,0.0,18.007203003129604,2.2008803670491734,40.0,4.0
0.4617674461630888,0.30233193884643833,2,1.307999849319458,0,44,5,2,5,0,0,0,6,26,0,26,0.0,12.08702647883487,2.2159548544530594,60.0,4.0
0.5102105266169498,0.29700617937838497,4,1.1512500643730164,0,39,2,2,5,0,0,0,3,27,1,26,0.0,10.521972347822652,2.0115535370837425,80.0,4.0
0.49849999578375565,0.26630168404074867,3,1.064333438873291,0,39,4,3,7,0,0,0,3,22,1,21,0.0,16.470464162954816,2.058808020369352,100.0,4.0
0.6047499999403954,0.709393794656559,2,2.725000023841858,1,33,4,3,5,0,0,0,4,17,0,17,0.0,14.882182721599085,1.705250103516562,0.0,4.0
0.7003928593226841,0.4578053244923164,7,1.388857126235962,0,29,3,3,5,0,0,0,3,15,0,15,0.0,14.073734085003693,1.478761914728649,20.0,4.0
0.9712999939918519,0.8361228043841142,8,1.689249962568283,2,21,2,4,6,0,0,0,1,8,0,8,0.0,17.29640698437082,1.0810254365231762,40.0,4.0
0.5624062493443489,0.3927051421601925,5,1.2639999389648438,0,33,3,2,4,0,0,0,3,21,0,21,0.0,11.335222550304074,1.8336389419609533,60.0,4.0
0.5078974381471292,0.2483471436074819,3,1.1256666978200276,0,40,3,4,6,0,0,0,6,21,0,21,0.0,17.568659049806154,2.0193860976788685,80.0,4.0
0.46228571732838947,0.30137969398959374,1,2.0329999923706055,1,43,4,2,8,1,0,0,3,25,0,25,0.08333333333333333,13.59703328504342,2.2146683002154055,100.0,4.0
0.5493235307581285,0.262408862658926,1,1.3029999732971191,0,35,3,5,8,1,0,0,1,17,1,16,0.09090909090909091,23.130052949680902,1.873962623238036,120.0,4.0
0.6971333344777425,0.3093033051780457,3,1.1319999694824219,0,16,1,5,5,1,0,0,0,4,0,4,0.16666666666666666,35.5742564205152,1.5300755449683956,140.0,4.0
0.9235714276631674,0.7200506824238395,7,1.7517142977033342,2,22,2,4,4,0,0,0,2,10,0,10,0.0,16.086620278774323,1.1343129683751123,0.0,4.0
0.9463000059127807,0.5426044261976158,7,1.5317142690931047,1,21,3,0,7,0,0,0,3,8,0,8,0.0,6.340483950660581,1.1095846913656018,20.0,4.0
0.7552799987792969,0.43506478780881386,8,1.312874972820282,0,26,1,2,9,0,0,0,0,14,0,14,0.0,12.71051797414968,1.3769727805328817,40.0,4.0
0.5959696914210464,0.42601359582797627,4,1.5212499499320984,1,34,3,6,3,1,0,0,3,18,0,18,0.16666666666666666,21.96572959892435,1.7287842739894166,60.0,4.0
0.5700000013623919,0.4180510816834878,4,1.5694999694824219,0,36,4,2,7,0,0,0,4,19,0,19,0.0,12.631578917176913,1.8045112738824158,80.0,4.0
0.5068205136519212,0.3909599295760308,4,1.4842499494552612,0,40,2,3,6,0,0,0,3,26,0,26,0.0,13.963371423011164,2.0236770178277053,100.0,4.0
0.5623714310782296,0.49065922637493353,4,1.6364999413490295,1,36,5,0,7,0,0,0,4,20,0,20,0.0,7.315957900630606,1.8289894751576514,120.0,4.0
0.5836470617967493,0.3504083943562582,4,1.3422499895095825,0,35,4,4,6,0,0,0,3,18,0,18,0.0,18.141503636670272,1.7637572980096097,140.0,4.0
0.9735263146852192,1.2027608225044932,6,1.9836666186650593,1,20,2,4,5,0,0,0,0,9,0,9,0.0,17.5163540232204,1.0812564211864444,0.0,4.0
0.9971500039100647,0.9732092029918742,5,2.2926000118255616,2,21,1,3,7,0,0,0,0,10,0,10,0.0,13.839442356603204,1.053001048871983,20.0,4.0
0.5599714279174804,0.3736545965203795,4,1.3157500624656677,0,36,2,5,5,0,0,0,1,23,0,23,0.0,19.5928363920835,1.8368284117578277,40.0,4.0
0.5058611101574368,0.2695391868366601,2,1.090499997138977,0,37,2,2,9,0,0,0,1,23,0,23,0.0,13.837790372581562,2.0317390626409435,60.0,4.0
0.5353783787907781,0.33997795549207394,5,1.2775999069213868,0,38,3,2,4,0,0,0,5,24,0,24,0.0,10.29834922726335,1.9183199540980747,80.0,4.0
0.548138890001509,0.35753027533683485,5,1.2515999794006347,0,37,2,4,4,0,0,0,3,24,0,24,0.0,15.811077857735672,1.8750316690263458,100.0,4.0
1.0439411752364214,0.9083994106203563,6,1.9923332929611206,2,18,3,1,2,0,0,0,2,10,0,10,0.0,6.761706211859258,1.0142559317788886,120.0,4.0
0.9478095258985247,0.6109247772084127,9,1.4445556004842122,1,22,2,3,4,0,0,0,3,10,0,10,0.0,12.660771676275342,1.1053054638018154,140.0,4.0
0.5385500073432923,0.3478106475105367,3,1.2026666800181072,0,21,2,2,4,0,0,0,1,12,0,12,0.0,17.825642687032026,1.9496796688941276,160.0,4.0
0.4844390241111197,0.26602868563239346,1,1.5399999618530273,0,42,4,0,5,0,0,0,4,29,0,29,0.0,5.437518883406881,2.1145906768804537,0.0,5.0
0.8633636344562877,1.100956681044758,1,4.128999948501587,1,12,2,2,1,0,0,0,1,6,0,6,0.0,16.426239901509554,1.263556915500735,20.0,5.0
0.48519999980926515,0.27509693150789555,2,1.2584999799728394,0,41,1,2,9,1,0,0,1,27,0,27,0.1,12.366034629758106,2.1125309159170103,40.0,5.0
0.597093753516674,0.43930505946051546,3,1.631333351135254,1,33,3,4,7,0,0,0,2,17,0,17,0.0,18.84126225360996,1.727115706580913,60.0,5.0
0.71724999944369,0.6551701389183328,4,2.0190001130104065,2,25,3,2,2,0,0,0,3,15,1,14,0.0,10.456605096991446,1.452306263471034,80.0,5.0
1.0180000066757202,0.9216933930295921,5,2.1938000202178953,3,17,2,2,3,0,0,0,1,9,0,9,0.0,11.05108047762876,1.043713156220494,100.0,5.0
0.7395555531537091,0.6519521674758301,6,1.7424999872843425,2,28,2,2,2,0,0,0,3,19,0,19,0.0,8.413461565785845,1.4022435942976408,120.0,5.0
0.7388888906549524,0.5364120361816828,7,1.5732857159205846,0,28,1,1,5,0,0,0,3,18,0,18,0.0,6.616541337568859,1.4035087685752123,140.0,5.0
0.5339565173439358,0.4094346164143772,2,1.630000114440918,1,24,4,2,1,0,0,0,3,14,0,14,0.0,14.65678702724916,1.9542382702998882,160.0,5.0
0.5597428594316755,0.40755800449975116,3,1.5989998976389568,1,36,3,6,6,1,0,0,3,17,0,17,0.1111111111111111,23.88852014120377,1.8375784724002902,0.0,3.0
0.5476111107402377,0.37574926647269125,4,1.4730000495910645,0,37,7,4,0,0,0,0,8,18,0,18,0.0,16.43502080853359,1.8768387960362434,20.0,3.0
0.4666666643960135,0.17362530950478386,0,0.0,0,43,4,2,1,0,0,0,10,26,0,26,0.0,9.18367351407262,2.193877561695126,40.0,3.0
0.4344130391659944,0.20934655645879321,1,1.2019999027252197,0,47,4,0,2,0,0,0,7,34,1,33,0.0,3.6030626389790745,2.3519992226668958,60.0,3.0
0.5513235330581665,0.44144003031381646,4,1.5307499170303345,1,35,6,0,3,0,0,0,9,17,0,17,0.0,5.761536371602998,1.867164564871342,80.0,3.0
0.4697857130141485,0.3018578516526069,4,1.2324999570846558,0,43,4,2,2,1,0,0,9,25,0,25,0.16666666666666666,9.730880366919319,2.1793117488413056,100.0,3.0
0.3628750145435333,0.18997472481172115,0,0.0,0,9,2,1,1,0,0,0,0,5,0,5,0.0,33.069237393197234,3.10024100561224,120.0,3.0
0.5221578949376157,0.31572098197139886,1,1.8469998836517334,0,39,2,1,8,0,0,0,4,24,1,23,0.0,9.071666159197092,1.9655276678260365,20.0,4.0
0.6267419399753693,0.6821091102665628,4,1.9015000462532043,1,32,2,4,7,0,0,0,1,18,0,18,0.0,17.911369473780663,1.6470224803476472,40.0,4.0
0.746086949887483,0.7829865024808761,5,1.6813999652862548,1,24,2,5,8,1,0,0,0,8,0,8,0.1,24.47552469316251,1.3986014110378577,60.0,4.0
0.7949999968210856,0.4902355050916411,1,1.3609998226165771,0,4,2,0,2,0,0,0,0,0,0,0,0.0,20.125786243997673,1.677148853666473,80.0,4.0
0.5221578949376157,0.31572098197139886,1,1.8469998836517334,0,39,2,1,8,0,0,0,4,24,1,23,0.0,9.071666159197092,1.9655276678260365,20.0,5.0
0.6267419399753693,0.6821091102665628,4,1.9015000462532043,1,32,2,4,7,0,0,0,1,18,0,18,0.0,17.911369473780663,1.6470224803476472,40.0,5.0
0.746086949887483,0.7829865024808761,5,1.6813999652862548,1,24,2,5,8,1,0,0,0,8,0,8,0.1,24.47552469316251,1.3986014110378577,60.0,5.0
1.6570833325386047,2.807421361401547,5,3.3109999656677247,1,13,6,0,7,0,0,0,0,0,0,0,0.0,7.845109382691315,0.6537591152242762,80.0,5.0
0.9960000514984131,0.6943787701110457,1,1.4869999885559082,0,3,2,0,1,0,0,0,0,0,0,0,0.0,18.072288222194615,1.506024018516218,100.0,5.0
0.567285714830671,0.3963046547695303,2,1.6979999542236328,1,36,2,4,9,0,0,0,2,19,0,19,0.0,18.735834784318424,1.8131453017082346,0.0,4.0
0.5218421032554225,0.3447960035575377,3,1.378666639328003,0,39,4,4,6,0,0,0,4,21,0,21,0.0,18.154311718863546,1.966717102876884,20.0,4.0
0.4528837203979492,0.2729076571679205,3,1.1223333676656086,0,44,3,4,7,0,0,0,2,28,1,27,0.0,18.486186732212964,2.259422822826029,40.0,4.0
0.4432888878716363,0.38572816910084634,4,1.4832500219345093,1,46,5,3,6,0,0,0,4,28,0,28,0.0,15.640665766792305,2.305995593821942,60.0,4.0
0.4710243911277957,0.32388127596952043,3,1.3990000089009602,0,42,3,6,7,0,0,0,3,23,1,22,0.0,24.85501238086494,2.1748135833256823,80.0,4.0
0.47858536534193086,0.30045091806917273,4,1.1422500014305115,0,42,3,5,7,0,0,0,4,23,0,23,0.0,21.40454594073414,2.1404545940734137,100.0,4.0
0.4849268285239615,0.304257399826862,3,1.3066666920979817,0,42,4,5,4,0,0,0,7,22,0,22,0.0,19.917513359211057,2.1124635380981425,0.0,3.0
0.40765306414390096,0.2589926567453572,2,1.3224999904632568,0,50,6,4,3,0,0,0,6,31,0,31,0.0,17.421777096760692,2.503128893212743,20.0,3.0
0.3993400001525879,0.1784793979109533,0,0.0,0,51,6,1,4,2,0,0,10,28,0,28,0.2,9.014874539551359,2.554214452872885,40.0,3.0
0.5292702752190668,0.30684539398431326,2,1.5605000257492065,0,38,5,6,4,0,0,0,6,17,0,17,0.0,23.898278896190288,1.9404585428530576,60.0,3.0
0.445772723718123,0.2746847622552318,1,1.7070000171661377,0,45,4,2,4,1,0,0,5,29,0,29,0.125,11.012542149606919,2.2942796145014412,80.0,3.0
0.42156521133754565,0.20767300702257296,0,0.0,0,24,3,4,2,0,0,0,2,13,1,12,0.0,30.940594503718906,2.475247560297513,100.0,3.0
0.4878648680609626,0.1967910916804189,0,0.0,0,38,4,6,4,0,0,0,4,20,0,20,0.0,25.261758185843178,2.1051465154869318,20.0,2.0
0.4414888858795166,0.21039721530546024,1,1.0190000534057617,0,46,3,5,4,0,0,0,4,30,0,30,0.0,19.328534887879606,2.3153974084439106,40.0,2.0
0.5587352935005637,0.5446965363195851,1,3.3489999771118164,1,35,3,7,5,0,0,0,3,17,0,17,0.0,27.16218353265701,1.8423961698507665,60.0,2.0
0.48544999957084656,0.2516057374261947,2,1.2695001363754272,0,41,2,5,4,3,0,0,3,24,0,24,0.5,19.157482764901637,2.1114429929058254,80.0,2.0
0.5914242412104751,0.33206420199043957,5,1.178600025177002,0,34,4,5,3,0,0,0,5,17,0,17,0.0,19.675155033461852,1.7420710185877681,100.0,2.0
0.5087999820709228,0.07016553132989467,0,0.0,0,6,1,1,1,0,0,0,1,2,0,2,0.0,33.01886908804609,2.3584906491461495,120.0,2.0
0.6406451655972388,0.7328167737310104,4,1.918250024318695,1,32,3,2,4,0,0,0,4,19,0,19,0.0,10.271903254207098,1.6112789418364075,0.0,3.0
0.4573076932858198,0.22987581946500912,1,1.0759999752044678,0,40,4,3,3,0,0,0,4,26,0,26,0.0,14.802354888440425,2.242781043703095,20.0,3.0
0.49350000023841856,0.23736869111029033,1,1.003000020980835,0,41,3,3,4,0,0,0,6,25,0,25,0.0,13.373860175909673,2.07700101216779,40.0,3.0
0.6077096769886632,0.39785583592288426,3,1.5493333339691162,1,32,5,2,6,0,0,0,5,14,0,14,0.0,13.376506193460143,1.6986039610743038,60.0,3.0
0.5372432438102929,0.4144178448776209,2,1.8834999799728394,1,38,3,5,6,0,0,0,4,20,0,20,0.0,20.525203721167323,1.9116611308930351,80.0,3.0
0.43802439294210294,0.23668581471030406,1,1.25,0,42,3,2,6,0,0,0,3,28,0,28,0.0,12.695584308454562,2.338660267346893,100.0,3.0
0.6622083286444346,0.5186291155730994,2,1.9184999465942383,1,25,5,3,2,0,0,0,5,10,0,10,0.0,16.611086759535954,1.5730195795015105,120.0,3.0
0.46439535118812736,0.22614313222818255,1,1.125,0,44,2,3,7,0,0,0,2,30,0,30,0.0,14.422354576696463,2.2034152825508486,0.0,2.0
0.4906750023365021,0.34589672233019614,2,1.6405000686645508,1,41,4,2,8,0,0,0,4,23,0,23,0.0,13.450858447184066,2.088959077024798,20.0,2.0
0.525973683909366,0.2921660511300503,2,1.3279999494552612,0,39,3,5,7,1,0,0,4,19,0,19,0.1,21.01365889030281,1.951268325528118,40.0,2.0
0.5429999960793389,0.3415688226873381,2,1.5450000762939453,0,37,4,6,4,0,0,0,5,18,0,18,0.0,23.327194766343812,1.892776768321757,60.0,2.0
0.5439444449212816,0.40731035489572726,4,1.4847500324249268,1,37,4,5,3,0,0,0,4,21,0,21,0.0,19.609845759543187,1.889490346622651,80.0,2.0
0.4245531914081979,0.23334095495448492,3,1.0786667664845784,0,48,4,2,4,0,0,0,6,32,0,32,0.0,10.82489726577597,2.4055327257279933,100.0,2.0
0.4826667308807373,0.2151682428361069,0,0.0,0,4,1,2,0,0,0,0,0,1,0,1,0.0,91.16020886650257,2.762430571712199,120.0,2.0
0.5660857132502964,0.4580493914428939,5,1.4654000282287598,1,36,3,4,3,0,0,0,4,22,0,22,0.0,15.74723669160016,1.8169888490307875,0.0,3.0
0.47805127730736363,0.33732000627102166,1,2.2170000076293945,1,40,3,2,3,0,0,0,5,27,0,27,0.0,10.298219368445752,2.145462368426198,20.0,3.0
0.4586976738863213,0.2706177791581667,1,1.5839998722076416,0,44,7,5,7,0,0,0,6,19,0,19,0.0,23.72743868095102,2.2307848332518057,40.0,3.0
0.4962000012397766,0.30289815164433614,3,1.280666669209798,0,41,3,4,6,1,0,0,3,24,0,24,0.1111111111111111,17.533252676869576,2.0656993096311855,60.0,3.0
0.43219999737209747,0.24743992657885258,3,1.0593332449595134,0,46,5,2,3,0,0,0,6,30,0,30,0.0,11.105969526111537,2.3651601768570862,80.0,3.0
0.5942424282883153,0.469221143001335,3,1.7073333263397217,1,34,3,8,5,0,0,0,5,13,0,13,0.0,29.372768795426428,1.7338092691744766,100.0,3.0
0.4372499883174896,0.13038155243349034,0,0.0,0,9,2,1,2,0,0,0,0,4,0,4,0.0,30.87478641668385,2.5728988680569875,120.0,3.0
0.4980500042438507,0.3293137176781299,2,1.5485000610351562,0,41,5,4,5,0,0,0,6,21,0,21,0.0,18.070474697945194,2.058026285043758,0.0,3.0
0.39666000366210935,0.2049867702860546,1,1.126999855041504,0,51,4,5,6,0,0,0,4,32,0,32,0.0,21.176826305773574,2.571471765701077,20.0,3.0
0.47734146583371045,0.35253784492926027,3,1.5040000279744465,1,42,4,4,4,0,0,0,5,25,0,25,0.0,17.168259071954193,2.146032383994274,40.0,3.0
0.49012500047683716,0.33646543146348457,2,1.5994999408721924,1,41,5,4,6,0,0,0,3,23,0,23,0.0,18.974751320483826,2.091303236935045,60.0,3.0
0.48917499780654905,0.314003980903822,2,1.399999976158142,0,41,3,3,8,1,0,0,2,24,0,24,0.09090909090909091,15.94521395201113,2.0953646539501807,80.0,3.0
0.46609091036247485,0.24267947485641927,1,1.1129999160766602,0,34,4,4,3,0,0,0,5,18,0,18,0.0,21.064950205843544,2.21051946604531,100.0,3.0
0.4965749979019165,0.31808954746970425,2,1.5485000610351562,0,41,5,3,7,0,0,0,5,21,0,21,0.0,16.311735456322577,2.064139363300079,0.0,10.0
0.4380888885921902,0.3236167655871522,2,1.591499924659729,1,46,4,5,5,0,0,0,4,28,0,28,0.0,20.69595212926452,2.3333671518288432,20.0,10.0
0.434391306794208,0.2393371808196147,2,1.2280000448226929,0,47,4,4,4,0,0,0,6,29,0,29,0.0,16.815133525559652,2.352116891968166,40.0,10.0
0.5364594652846053,0.36205253980821556,2,1.5994999408721924,1,38,4,3,7,1,0,0,2,21,0,21,0.09090909090909091,15.718675833147644,1.9144541078833668,60.0,10.0
0.4753333330154419,0.2981705565102653,2,1.399999976158142,0,43,3,4,7,0,0,0,2,27,0,27,0.0,18.03245843722497,2.1538769800018716,80.0,10.0
0.7347407429306595,1.1518981701013746,3,2.872666597366333,1,28,5,3,4,0,0,0,5,11,0,11,0.0,14.517592455973716,1.4114325998863335,100.0,10.0
0.7851666609446207,0.33799503007355775,3,1.093000094095866,0,7,4,0,3,0,0,0,0,0,0,0,0.0,17.83060934242526,1.4858841118687716,120.0,10.0
0.5226578963430304,0.3646490070665436,3,1.5290000438690186,0,39,1,3,8,1,0,0,2,24,0,24,0.1111111111111111,14.500780379383846,1.9636473430415626,0.0,3.0
0.664466667175293,0.5576603725239568,5,1.681599998474121,1,31,2,2,10,0,0,0,1,16,0,16,0.0,13.2437042138014,1.5551319341963765,20.0,3.0
0.49664999842643737,0.3435509643319091,4,1.2642499804496765,0,41,2,4,6,0,0,0,2,27,0,27,0.0,16.913319292488,2.063827651761929,40.0,3.0
0.6357096779731012,0.4064613931897745,5,1.3895999431610107,0,32,2,4,11,0,0,0,1,14,0,14,0.0,20.094382689148883,1.6237885001332433,60.0,3.0
0.4841463391373797,0.35861888480336296,3,1.4533334573109944,1,42,4,4,5,0,0,0,3,26,0,26,0.0,17.53148623032407,2.1158690277977326,80.0,3.0
0.6634666681289673,0.45013472261645066,8,1.2878749668598175,0,31,1,6,8,0,0,0,0,16,0,16,0.0,23.512861684511346,1.557475880811649,100.0,3.0
0.49939393997192383,0.3631249605229849,2,1.7239999771118164,1,34,2,4,4,0,0,0,2,22,0,22,0.0,18.93203881304005,2.0631067937287235,120.0,3.0
0.4715238071623303,0.32338032975280184,2,1.5269999504089355,0,43,3,4,8,0,0,0,5,23,0,23,0.0,18.78408411750381,2.17127854046415,0.0,3.0
0.4736829269223097,0.3476066500243187,2,1.690000057220459,0,42,5,3,8,1,0,0,4,21,0,21,0.07692307692307693,17.300859890530994,2.1626074863163742,20.0,3.0
0.42624444431728786,0.21068807525295957,0,0.0,0,46,5,4,4,0,0,0,5,28,0,28,0.0,18.14295397027344,2.398206559289018,40.0,3.0
0.5449166629049513,0.3757093138397015,4,1.372499942779541,1,37,1,5,10,0,0,0,0,21,0,21,0.0,22.021716010716183,1.8861191953622658,60.0,3.0
0.46453488704770113,0.3771654918920143,3,1.5789999961853027,1,44,4,4,7,0,0,0,4,25,0,25,0.0,18.62327896550281,2.202753426027214,80.0,3.0
0.4728648598129685,0.239025437052725,1,1.003999948501587,0,38,2,4,9,1,0,0,1,21,0,21,0.09090909090909091,21.26200297063884,2.17192503463515,100.0,3.0
0.4616279047588969,0.30831941016363623,2,1.4234999418258667,0,44,5,4,5,0,0,0,7,23,0,23,0.0,18.13602023826628,2.216624695788101,0.0,5.0
0.464720931164054,0.290656933791369,1,1.755000114440918,0,44,3,3,9,1,0,0,4,24,0,24,0.08333333333333333,16.213781681958064,2.2018715864387493,20.0,5.0
0.49175000190734863,0.3439832858945516,1,2.0959999561309814,1,41,5,4,6,0,0,0,3,23,0,23,0.0,18.912048731933154,2.0843924677668264,40.0,5.0
0.48071053153590154,0.2634433721491253,3,1.1313332716623943,0,39,1,5,10,0,0,0,0,23,0,23,0.0,23.64920322487783,2.1349975133570265,60.0,5.0
0.44515909390016034,0.28946468779468093,2,1.2720000743865967,0,45,4,5,6,1,0,0,5,24,0,24,0.1,21.44279354561582,2.2974421656016952,80.0,5.0
0.6376333316167195,0.86519648300231,3,2.4230000178019204,1,31,3,2,9,0,0,0,0,17,0,17,0.0,13.80103511478548,1.6205760930240523,100.0,5.0
0.9027999877929688,0.6228989975898415,2,1.5844999551773071,0,6,3,0,3,0,0,0,0,0,0,0,0.0,15.950376821784168,1.3291980684820142,120.0,5.0
0.42847825651583465,0.26176409519067717,1,1.7440001964569092,0,47,6,3,3,0,0,0,5,30,0,30,0.0,14.611872294588691,2.3845763814085714,0.0,2.0
0.4529047579992385,0.2999476349231581,2,1.4920001029968262,0,43,5,3,3,1,0,0,6,25,0,25,0.125,14.509515423195486,2.260540446367413,20.0,2.0
0.5294054070034543,0.3737805701672477,4,1.4037500023841858,0,38,2,5,5,1,0,0,3,22,0,22,0.14285714285714285,19.60383902597856,1.9399632369457946,40.0,2.0
0.4743333316984631,0.2149626911089451,1,1.0189998149871826,0,43,4,4,6,0,0,0,4,25,0,25,0.0,18.07047491420545,2.1584178369745404,60.0,2.0
0.5716764716541066,0.4613997087411085,3,1.8033333619435628,1,35,3,2,8,0,0,0,3,19,0,19,0.0,12.964963704797787,1.8006894034441372,80.0,2.0
0.5205526289186979,0.3064375635306268,2,1.4109998941421509,0,39,4,5,4,0,0,0,6,20,0,20,0.0,20.01921045567623,1.9715889085135683,100.0,2.0
0.33775001764297485,0.07445965917048679,0,0.0,0,5,2,1,0,0,0,0,0,2,0,2,0.0,62.17616255522584,3.700962056858681,120.0,2.0
0.4493409070101651,0.25717925252911955,1,1.696000099182129,0,45,5,4,4,2,0,0,6,24,1,23,0.2222222222222222,17.601537687090634,2.2760609078134437,0.0,2.0
0.5198947379463598,0.2622991470805644,2,1.2364999055862427,0,39,4,3,7,0,0,0,5,20,0,20,0.0,15.792670547545717,1.9740838184432146,20.0,2.0
0.5817272735364509,0.399946518645878,7,1.2457143238612585,0,34,3,4,7,0,0,0,4,16,0,16,0.0,18.752930119250024,1.771110066818058,40.0,2.0
0.4484999992630698,0.33244671180069696,1,2.0979998111724854,1,45,6,4,3,0,0,0,7,25,0,25,0.0,17.634539402645114,2.2803283710316955,60.0,2.0
0.486512195773241,0.2834164054193551,1,1.5429999828338623,0,42,4,5,6,0,0,0,3,24,0,24,0.0,21.055797836153282,2.1055797836153283,80.0,2.0
0.5094102590512006,0.2941979943533235,3,1.1783334414164226,0,40,1,5,6,2,0,0,3,23,0,23,0.2857142857142857,19.328534655923004,2.013389026658646,100.0,2.0
0.3412500023841858,0.08330421245707609,0,0.0,0,5,2,1,0,0,0,0,0,2,0,2,0.0,61.53846110851538,3.66300363741163,120.0,2.0
0.47914634099820763,0.28711910133802326,2,1.5084999799728394,0,42,6,4,4,2,0,0,7,19,1,18,0.2,18.325273624307805,2.1379485895025776,0.0,5.0
0.5360540506002065,0.29293534045754327,3,1.2253333727518718,0,38,3,4,6,0,0,0,5,20,0,20,0.0,17.54562883141057,1.9159019988321888,20.0,5.0
0.545200000490461,0.35710361363985954,5,1.2392000198364257,0,36,3,4,7,0,0,0,4,18,0,18,0.0,18.865946948755084,1.8865946948755086,40.0,5.0
0.4709756083604766,0.35151382974433837,1,2.0979998111724854,1,42,5,6,5,0,0,0,5,21,0,21,0.0,24.85758681627978,2.1750388464244805,60.0,5.0
0.4515454552390359,0.2585605507770054,1,1.5429999828338623,0,45,4,3,5,0,0,0,3,30,0,30,0.0,14.495671409181961,2.2649486576846813,80.0,5.0
0.49561111132303876,0.2987588043437274,3,1.1783334414164226,0,37,3,5,5,2,0,0,3,19,0,19,0.25,22.19482119889401,2.0737585463613093,100.0,5.0
0.8482222292158339,0.39553302835937926,4,1.2362499237060547,0,10,5,0,5,0,0,0,0,0,0,0,0.0,15.719151036232285,1.3099292530193571,120.0,5.0
0.48321951307901523,0.37860788681768864,4,1.3929999470710754,1,42,4,4,4,0,0,0,5,25,0,25,0.0,16.95941850319993,2.1199273128999914,0.0,2.0
0.4510909047993747,0.23617777845685342,1,1.0839998722076416,0,45,2,4,8,0,0,0,5,26,0,26,0.0,18.13784781463748,2.267230976829685,20.0,2.0
0.48375609444408885,0.39087005068700575,1,2.577000141143799,1,42,4,5,9,0,0,0,3,21,0,21,0.0,22.990823985986268,2.1175758934461038,40.0,2.0
0.47204761845724924,0.3300148651886621,1,1.7690000534057617,0,43,4,3,8,1,0,0,2,25,0,25,0.08333333333333333,16.342176959811006,2.1688691644193616,60.0,2.0
0.44353333049350313,0.2389514670820271,1,1.2799999713897705,0,46,4,4,4,0,0,0,5,29,0,29,0.0,16.834510854818472,2.3047247003620526,80.0,2.0
0.4551612946294969,0.33380413504556894,2,1.4244999885559082,0,32,4,4,2,0,0,0,4,18,0,18,0.0,22.111977111816625,2.2678950883914486,100.0,2.0
0.473285714785258,0.27936689728959097,3,1.16866668065389,0,43,2,2,9,0,0,0,1,29,0,29,0.0,12.67733171013276,2.163195490221066,0.0,3.0
0.6025151483940355,0.3972325564672458,5,1.3726000785827637,0,34,3,4,6,0,0,0,4,17,1,16,0.0,17.50238906617163,1.71000352945355,20.0,3.0
0.47485714299338205,0.3100940402123078,3,1.353000005086263,0,43,4,5,4,0,0,0,4,26,0,26,0.0,19.855595662173354,2.156036902710743,40.0,3.0
0.43817778163486054,0.2813556644501894,3,1.2139999866485596,0,46,4,5,6,0,0,0,4,27,0,27,0.0,21.300334532048286,2.332893782081479,60.0,3.0
0.43226086575052014,0.23470267187894006,2,1.0774998664855957,0,47,3,3,5,0,0,0,5,31,0,31,0.0,13.880507062748787,2.363709536047801,80.0,3.0
0.46994444396760726,0.22525892891546745,1,1.2939999103546143,0,37,5,3,1,0,0,0,5,23,0,23,0.0,14.895377719334206,2.1870197445054194,100.0,3.0
0.5006153828058487,0.3283848800306576,4,1.22350013256073,0,40,2,3,7,0,0,0,3,25,0,25,0.0,14.751075652582024,2.048760507303059,0.0,5.0
0.4595348890437636,0.305354907304328,2,1.5554999113082886,0,44,6,7,2,0,0,0,6,23,1,22,0.0,26.11336002141327,2.2267206219809763,20.0,5.0
0.46425580978393555,0.3044075427821624,4,1.194000005722046,0,44,2,4,8,0,0,0,2,28,0,28,0.0,18.03336188114088,2.204077563250552,40.0,5.0
0.4733414649963379,0.2343281399440502,2,1.0774998664855957,0,42,4,4,6,0,0,0,5,23,0,23,0.0,18.550007667183735,2.1641675611714355,60.0,5.0
0.41240425820046284,0.22017497966221522,1,1.2939999103546143,0,48,4,2,1,0,0,0,7,34,0,34,0.0,9.286488094846385,2.47639682529237,80.0,5.0
0.7668461524523221,1.3030247192733084,4,2.6554999947547913,1,27,5,2,12,0,0,0,0,8,0,8,0.0,16.2503761956519,1.3541980163043248,100.0,5.0
0.6057500243186951,0.45199370672092304,1,1.2650001049041748,0,5,2,0,3,0,0,0,0,0,0,0,0.0,24.76268988494213,2.0635574904118443,120.0,5.0
